"output_prefix","name","motif_id","cluster","total_tfbs","shCol7_mean_score","shCol7_bound","shC_mean_score","shC_bound","shCol7_shC_change","shCol7_shC_pvalue","shCol7_shC_highlighted","diffexpressed","labels"
"NFYA_MA0060.3","NFYA","MA0060.3","C_NFYA",30918,0.23576,12030,0.22068,11159,0.27998,5.86737e-167,"True","UP","NFYA"
"CEBPG_MA0838.1","CEBPG","MA0838.1","C_CEBPA",16426,0.15136,6413,0.16379,7113,-0.27508,1.02612e-158,"True","DOWN","CEBPG"
"CEBPE_MA0837.2","CEBPE","MA0837.2","C_CEBPA",11452,0.15003,4537,0.16219,5018,-0.27134,1.07673e-141,"True","DOWN","CEBPE"
"CEBPB_MA0466.3","CEBPB","MA0466.3","C_CEBPA",9985,0.1518,3973,0.16368,4384,-0.25514,6.03439e-144,"True","DOWN","CEBPB"
"CEBPD_MA0836.2","CEBPD","MA0836.2","C_CEBPA",44070,0.12639,15053,0.13895,16777,-0.25014,3.33241e-173,"True","DOWN","CEBPD"
"NFYC_MA1644.1","NFYC","MA1644.1","C_NFYA",33297,0.22056,12708,0.20719,11882,0.24948,3.54774e-160,"True","UP","NFYC"
"VEZF1_MA1578.1","VEZF1","MA1578.1","C_VEZF1",29848,0.12361,8155,0.11459,7662,0.24621,2.70416e-167,"True","UP","VEZF1"
"CEBPA_MA0102.4","CEBPA","MA0102.4","C_CEBPA",49982,0.12157,16605,0.13281,18419,-0.23553,2.88398e-168,"True","DOWN","CEBPA"
"YY2_MA0748.2","YY2","MA0748.2","C_YY2",18194,0.22031,9041,0.20549,8662,0.22732,7.01401e-149,"True","UP","YY2"
"KLF15_MA1513.1","KLF15","MA1513.1","C_PATZ1",90606,0.31255,51339,0.29092,50150,0.21204,1.6816e-177,"True","UP","KLF15"
"ZBTB7B_MA0694.1","ZBTB7B","MA0694.1","C_ZBTB7B",20454,0.1208,5863,0.11235,5510,0.21146,3.56201e-149,"True","UP","ZBTB7B"
"ETS1_MA0098.3","ETS1","MA0098.3","C_ERF",25684,0.22685,12267,0.21461,11718,0.20925,1.42205e-151,"True","UP","ETS1"
"FLI1_MA0475.2","FLI1","MA0475.2","C_ERF",18867,0.25123,9663,0.23763,9287,0.2079,1.38436e-143,"True","UP","FLI1"
"ETS2_MA1484.1","ETS2","MA1484.1","C_ERF",22032,0.23762,10657,0.2251,10212,0.20483,2.94897e-151,"True","UP","ETS2"
"SPDEF_MA0686.1","SPDEF","MA0686.1","C_SPDEF",15606,0.21254,6835,0.20115,6542,0.19984,3.53595e-137,"True","UP","SPDEF"
"ETV4_MA0764.3","ETV4","MA0764.3","C_ERF",15996,0.31034,8982,0.29406,8722,0.19896,3.14883e-141,"True","UP","ETV4"
"FEV_MA0156.3","FEV","MA0156.3","C_ERF",17154,0.27404,9111,0.25966,8836,0.19719,3.27109e-140,"True","UP","FEV"
"ERF_MA0760.1","ERF","MA0760.1","C_ERF",23529,0.22444,11107,0.21268,10660,0.19588,1.83126e-146,"True","UP","ERF"
"SP9_MA1564.1","SP9","MA1564.1","C_KLF9",103571,0.26336,48207,0.24517,46930,0.19539,1.20648e-184,"True","UP","SP9"
"ETV5_MA0765.3","ETV5","MA0765.3","C_ERF",15109,0.30635,8460,0.29061,8237,0.19495,2.66574e-140,"True","UP","ETV5"
"TCFL5_MA0632.2","TCFL5","MA0632.2","C_TCFL5",18249,0.2712,9957,0.2538,9780,0.19337,1.7266e-145,"True","UP","TCFL5"
"Nrf1_MA0506.2","Nrf1","MA0506.2","C_Nrf1",32712,0.2867,18026,0.26923,17638,0.19279,1.52314e-151,"True","UP","Nrf1"
"TFDP1_MA1122.1","TFDP1","MA1122.1","C_E2F6",37962,0.25646,19555,0.24183,19165,0.19266,1.2898e-161,"True","UP","TFDP1"
"CTCFL_MA1102.2","CTCFL","MA1102.2","C_CTCFL",83652,0.19145,35580,0.18067,34233,0.19179,4.23808e-176,"True","UP","CTCFL"
"KLF16_MA0741.1","KLF16","MA0741.1","C_KLF9",124305,0.23005,52709,0.21525,51363,0.19173,4.22224e-179,"True","UP","KLF16"
"KLF10_MA1511.2","KLF10","MA1511.2","C_KLF4",145519,0.23391,62722,0.21914,60970,0.19148,6.48518e-190,"True","UP","KLF10"
"KLF7_MA1959.1","KLF7","MA1959.1","C_KLF4",120716,0.2542,54953,0.23813,53534,0.1908,7.17994e-190,"True","UP","KLF7"
"ZNF148_MA1653.1","ZNF148","MA1653.1","C_ZNF148",174911,0.20245,70243,0.19044,68163,0.19066,1.09789e-189,"True","UP","ZNF148"
"KLF14_MA0740.2","KLF14","MA0740.2","C_KLF4",136640,0.24652,60882,0.2308,59244,0.19036,4.07778e-188,"True","UP","KLF14"
"KLF12_MA0742.2","KLF12","MA0742.2","C_KLF4",112919,0.26829,54343,0.25008,52923,0.19035,3.99904e-179,"True","UP","KLF12"
"FOS_MA0476.1","FOS","MA0476.1","C_FOSL1",128862,0.22487,66619,0.23694,70315,-0.19017,2.96592e-181,"True","DOWN","FOS"
"ELK3_MA0759.2","ELK3","MA0759.2","C_ERF",15366,0.32749,8943,0.3101,8740,0.18961,1.1396e-130,"True","UP","ELK3"
"GLIS2_MA0736.1","GLIS2","MA0736.1","C_GLIS2",28989,0.14758,9185,0.13998,8861,0.18926,1.41935e-152,"True","UP","GLIS2"
"PATZ1_MA1961.1","PATZ1","MA1961.1","C_PATZ1",191183,0.22131,83273,0.20812,80831,0.18853,4.9483e-182,"True","UP","PATZ1"
"CEBPG_MA1636.1","CEBPG","MA1636.1","C_CEBPG",56032,0.12505,19220,0.13306,20924,-0.18789,3.40249e-164,"True","DOWN","CEBPG"
"ELK1_MA0028.2","ELK1","MA0028.2","C_ERF",16480,0.29831,9060,0.28274,8825,0.18777,2.53947e-140,"True","UP","ELK1"
"MAZ_MA1522.1","MAZ","MA1522.1","C_ZNF148",122533,0.19099,47606,0.18009,46112,0.18741,6.70848e-184,"True","UP","MAZ"
"SP3_MA0746.2","SP3","MA0746.2","C_KLF9",110355,0.25848,50562,0.24168,49306,0.18632,3.54399e-180,"True","UP","SP3"
"FOSJUND_MA1141.1","FOS::JUND","MA1141.1","C_FOSL1",125361,0.22999,65967,0.24209,69370,-0.1863,2.45533e-185,"True","DOWN","FOS::JUND"
"SP1_MA0079.5","SP1","MA0079.5","C_SP1",130668,0.23535,58607,0.2205,56994,0.1863,3.66309e-184,"True","UP","SP1"
"BNC2_MA1928.1","BNC2","MA1928.1","C_FOSL1",122095,0.22769,63186,0.24013,66697,-0.18575,9.87459e-180,"True","DOWN","BNC2"
"FOSL1JUN_MA1128.1","FOSL1::JUN","MA1128.1","C_FOSL1",124879,0.22747,65398,0.2392,68881,-0.18487,1.53743e-186,"True","DOWN","FOSL1::JUN"
"SP2_MA0516.3","SP2","MA0516.3","C_SP1",128946,0.27073,61783,0.25269,60321,0.18459,9.03592e-181,"True","UP","SP2"
"ZNF610_MA1713.1","ZNF610","MA1713.1","C_ZNF610",70252,0.2342,35184,0.22209,34396,0.18385,1.77853e-168,"True","UP","ZNF610"
"Jun_MA0489.2","Jun","MA0489.2","C_FOSL1",128516,0.22544,66456,0.23745,70067,-0.18351,9.92637e-181,"True","DOWN","Jun"
"FOSL2JUN_MA1130.1","FOSL2::JUN","MA1130.1","C_FOSL1",116679,0.23111,61718,0.24278,64925,-0.18284,1.69812e-181,"True","DOWN","FOSL2::JUN"
"ZNF740_MA0753.2","ZNF740","MA0753.2","C_ZNF740",91280,0.16312,31277,0.15514,30317,0.18189,2.85261e-176,"True","UP","ZNF740"
"Atf3_MA1988.1","Atf3","MA1988.1","C_FOSL1",133125,0.22344,68233,0.23516,71830,-0.18138,1.47313e-181,"True","DOWN","Atf3"
"BATFJUN_MA0462.2","BATF::JUN","MA0462.2","C_FOSL1",129537,0.22129,66052,0.23281,69517,-0.18107,8.61562e-186,"True","DOWN","BATF::JUN"
"BATF_MA1634.1","BATF","MA1634.1","C_FOSL1",129136,0.22114,65820,0.23267,69274,-0.18082,1.27184e-185,"True","DOWN","BATF"
"BATF3_MA0835.2","BATF3","MA0835.2","C_FOSL1",133726,0.21791,67469,0.22936,71069,-0.18075,1.22371e-183,"True","DOWN","BATF3"
"FOSL1_MA0477.2","FOSL1","MA0477.2","C_FOSL1",125205,0.22677,65326,0.23859,68724,-0.18056,5.15781e-179,"True","DOWN","FOSL1"
"FOSL2JUNB_MA1138.1","FOSL2::JUNB","MA1138.1","C_FOSL1",116500,0.22777,61147,0.23904,64291,-0.18,5.54054e-179,"True","DOWN","FOSL2::JUNB"
"FOSBJUNB_MA1135.1","FOSB::JUNB","MA1135.1","C_FOSL1",115245,0.22953,60663,0.2409,63748,-0.17978,1.81398e-183,"True","DOWN","FOSB::JUNB"
"FOSL1JUNB_MA1137.1","FOSL1::JUNB","MA1137.1","C_FOSL1",118114,0.22275,61329,0.23361,64611,-0.17955,7.29392e-184,"True","DOWN","FOSL1::JUNB"
"CTCF_MA0139.1","CTCF","MA0139.1","C_CTCF",88982,0.1822,41850,0.17405,40163,0.17936,6.85303e-171,"True","UP","CTCF"
"FOSJUNB_MA1134.1","FOS::JUNB","MA1134.1","C_FOSL1",111448,0.23026,58949,0.24163,61961,-0.17912,2.6152e-179,"True","DOWN","FOS::JUNB"
"NFKB2_MA0778.1","NFKB2","MA0778.1","C_NFKB1",30408,0.11065,7815,0.10516,7516,0.17842,1.61814e-145,"True","UP","NFKB2"
"JUNB_MA0490.2","JUNB","MA0490.2","C_FOSL1",120964,0.21921,62138,0.22997,65376,-0.17759,3.39549e-181,"True","DOWN","JUNB"
"FOSJUN_MA0099.3","FOS::JUN","MA0099.3","C_FOSL1",113053,0.23032,59704,0.24165,62774,-0.17754,2.54731e-181,"True","DOWN","FOS::JUN"
"FOSL2JUND_MA1144.1","FOSL2::JUND","MA1144.1","C_FOSL1",112851,0.22953,59558,0.24069,62584,-0.17679,1.08e-180,"True","DOWN","FOSL2::JUND"
"FOSL1JUND_MA1142.1","FOSL1::JUND","MA1142.1","C_FOSL1",116202,0.21905,59787,0.22945,62861,-0.17658,1.15215e-178,"True","DOWN","FOSL1::JUND"
"BACH1_MA1633.2","BACH1","MA1633.2","C_FOSL1",120154,0.22588,62512,0.23692,65596,-0.1763,1.84037e-180,"True","DOWN","BACH1"
"ZNF281_MA1630.2","ZNF281","MA1630.2","C_ZNF281",191777,0.18219,72155,0.17259,69962,0.1757,3.7946e-191,"True","UP","ZNF281"
"JUND_MA0491.2","JUND","MA0491.2","C_FOSL1",116970,0.22203,60583,0.2328,63634,-0.17554,3.02593e-174,"True","DOWN","JUND"
"ZBTB7C_MA0695.1","ZBTB7C","MA0695.1","C_ZBTB7B",23555,0.12881,7029,0.12249,6681,0.17452,9.06109e-146,"True","UP","ZBTB7C"
"ELK4_MA0076.2","ELK4","MA0076.2","C_ERF",38298,0.23552,18266,0.22515,17766,0.1733,5.08894e-155,"True","UP","ELK4"
"HLF_MA0043.3","HLF","MA0043.3","C_NFIL3",34662,0.13068,12565,0.13773,13534,-0.17321,5.24887e-154,"True","DOWN","HLF"
"SP8_MA0747.1","SP8","MA0747.1","C_KLF9",105416,0.21081,41798,0.1981,40764,0.17294,6.6293e-173,"True","UP","SP8"
"SOHLH2_MA1560.1","SOHLH2","MA1560.1","C_MYC",11330,0.16764,4039,0.16068,3943,0.17098,6.53139e-121,"True","UP","SOHLH2"
"BHLHE40_MA0464.2","BHLHE40","MA0464.2","C_ARNT2",13408,0.18823,5125,0.1776,4973,0.17002,2.83134e-127,"False","UP","BHLHE40"
"ZIC5_MA1584.1","ZIC5","MA1584.1","C_ZIC5",43374,0.17883,16938,0.17069,16463,0.16755,5.53369e-154,"False","UP","ZIC5"
"ETV2_MA0762.1","ETV2","MA0762.1","C_ERF",27539,0.18578,11696,0.17729,11305,0.16684,4.51819e-145,"False","UP","ETV2"
"PLAGL2_MA1548.1","PLAGL2","MA1548.1","C_PLAGL2",40558,0.13089,11649,0.12638,11303,0.16604,4.08157e-152,"False","UP","PLAGL2"
"KLF5_MA0599.1","KLF5","MA0599.1","C_KLF4",187811,0.21404,76180,0.20318,74222,0.16516,2.90299e-183,"True","UP","KLF5"
"ARNT2_MA1464.1","ARNT2","MA1464.1","C_ARNT2",14383,0.19794,5708,0.18743,5554,0.16477,5.06559e-128,"False","UP","ARNT2"
"HINFP_MA0131.2","HINFP","MA0131.2","C_HINFP",15402,0.22291,7413,0.21221,7278,0.164,2.72958e-135,"False","UP","HINFP"
"BHLHE41_MA0636.1","BHLHE41","MA0636.1","C_BHLHE41",10299,0.20888,4240,0.19638,4118,0.16349,1.1036e-123,"False","UP","BHLHE41"
"SP4_MA0685.2","SP4","MA0685.2","C_KLF4",146378,0.23145,62773,0.21849,61356,0.16342,4.42851e-183,"True","UP","SP4"
"KLF13_MA0657.1","KLF13","MA0657.1","C_KLF13",32980,0.22351,14054,0.20961,13675,0.16266,4.18914e-146,"False","UP","KLF13"
"ZBTB14_MA1650.1","ZBTB14","MA1650.1","C_ZBTB14",37547,0.25531,19430,0.24139,19138,0.1626,5.70763e-156,"False","UP","ZBTB14"
"ZIC4_MA0751.1","ZIC4","MA0751.1","C_ZIC5",42727,0.16425,15853,0.1581,15378,0.16184,1.78673e-152,"False","UP","ZIC4"
"NFIL3_MA0025.2","NFIL3","MA0025.2","C_NFIL3",39056,0.11955,13127,0.12577,14132,-0.16107,1.1851e-146,"True","DOWN","NFIL3"
"MNT_MA0825.1","MNT","MA0825.1","C_MYC",17883,0.17215,6561,0.16497,6379,0.16093,4.50235e-131,"False","UP","MNT"
"KLF4_MA0039.4","KLF4","MA0039.4","C_KLF4",198701,0.19445,75752,0.18564,73974,0.16077,1.15774e-185,"True","UP","KLF4"
"JUNJUNB_MA1132.1","JUN::JUNB","MA1132.1","C_FOSL1",92028,0.22147,47800,0.2308,50083,-0.16056,3.21467e-163,"True","DOWN","JUN::JUNB"
"ZFP57_MA1583.1","ZFP57","MA1583.1","C_ZFP57",8585,0.1934,3686,0.187,3599,0.15943,5.87242e-119,"False","UP","ZFP57"
"E2F6_MA0471.2","E2F6","MA0471.2","C_E2F6",92895,0.19212,37845,0.18313,36905,0.15918,3.55251e-168,"False","UP","E2F6"
"E2F8_MA0865.2","E2F8","MA0865.2","C_E2F8",12908,0.18119,4998,0.17013,4890,0.15836,2.76694e-130,"False","UP","E2F8"
"KLF1_MA0493.2","KLF1","MA0493.2","C_KLF4",180728,0.20896,71862,0.19842,70306,0.15783,1.12819e-178,"True","UP","KLF1"
"ZBTB33_MA0527.1","ZBTB33","MA0527.1","C_ZBTB33",10052,0.28173,5452,0.26953,5331,0.15749,1.6326e-115,"False","UP","ZBTB33"
"DBP_MA0639.1","DBP","MA0639.1","C_NFIL3",15927,0.13989,5980,0.14369,6460,-0.15642,3.44432e-123,"True","DOWN","DBP"
"BACH2_MA1101.2","BACH2","MA1101.2","C_FOSL1",80690,0.21276,41005,0.22175,43068,-0.15631,1.26863e-166,"True","DOWN","BACH2"
"JDP2_MA0655.1","JDP2","MA0655.1","C_FOSL1",90204,0.2115,45954,0.21985,48065,-0.15624,3.66158e-169,"True","DOWN","JDP2"
"CTCF_MA1929.1","CTCF","MA1929.1","C_CTCF",85497,0.17124,37351,0.16536,35844,0.1557,3.53694e-169,"False","UP","CTCF"
"REL_MA0101.1","REL","MA0101.1","C_REL",31124,0.14133,10776,0.13523,10290,0.15552,4.0785e-148,"False","UP","REL"
"HES1_MA1099.2","HES1","MA1099.2","C_MYC",18041,0.22653,8145,0.21489,8039,0.1552,5.69047e-132,"False","UP","HES1"
"E2F2_MA0864.2","E2F2","MA0864.2","C_E2F4",7023,0.15836,2672,0.14917,2592,0.15426,1.12249e-113,"False","UP","E2F2"
"ATF4_MA0833.2","ATF4","MA0833.2","C_CEBPG",49318,0.12672,17062,0.1332,18329,-0.15393,2.57763e-149,"True","DOWN","ATF4"
"RFX3_MA0798.3","RFX3","MA0798.3","C_RFX3",17223,0.17836,6938,0.17042,6656,0.15328,4.11806e-131,"False","UP","RFX3"
"ZBTB7A_MA0750.2","ZBTB7A","MA0750.2","C_ERF",47108,0.22256,21111,0.21366,20629,0.15302,9.96054e-154,"False","UP","ZBTB7A"
"KLF11_MA1512.1","KLF11","MA1512.1","C_KLF9",98962,0.23488,42151,0.22171,41562,0.15289,2.31023e-167,"False","UP","KLF11"
"E2F4_MA0470.2","E2F4","MA0470.2","C_E2F4",5635,0.17755,2400,0.1662,2317,0.15252,1.14213e-108,"False","UP","E2F4"
"KLF2_MA1515.1","KLF2","MA1515.1","C_KLF2",123370,0.22395,51660,0.2124,50703,0.15227,1.07745e-175,"False","UP","KLF2"
"MLXIPL_MA0664.1","MLXIPL","MA0664.1","C_ARNT2",10973,0.19478,4495,0.18444,4346,0.15206,2.7972e-122,"False","UP","MLXIPL"
"FOSL2_MA0478.1","FOSL2","MA0478.1","C_FOSL1",138452,0.21188,66837,0.22241,70171,-0.15171,1.69267e-179,"True","DOWN","FOSL2"
"MAX_MA0058.3","MAX","MA0058.3","C_MYC",17650,0.17102,6429,0.16476,6303,0.15112,2.09356e-133,"False","UP","MAX"
"Arnt_MA0004.1","Arnt","MA0004.1","C_MYC",29447,0.17562,10949,0.16856,10696,0.15095,2.63198e-143,"False","UP","Arnt"
"ZNF320_MA1976.1","ZNF320","MA1976.1","C_ZNF320",125834,0.14594,39955,0.14053,38992,0.15071,1.17998e-170,"False","UP","ZNF320"
"HES2_MA0616.2","HES2","MA0616.2","C_MYC",15695,0.19482,6239,0.18664,6125,0.14811,4.65732e-128,"False","UP","HES2"
"Arntl_MA0603.1","Arntl","MA0603.1","C_ARNT2",15325,0.19525,6063,0.1851,5910,0.14806,6.2033e-132,"False","UP","Arntl"
"Npas2_MA0626.1","Npas2","MA0626.1","C_MYC",18250,0.15219,6186,0.14857,6069,0.14674,1.42791e-131,"False","UP","Npas2"
"Mlxip_MA0622.1","Mlxip","MA0622.1","C_MYC",20512,0.17568,7638,0.1691,7494,0.14569,2.08595e-141,"False","UP","Mlxip"
"OVOL1_MA1544.1","OVOL1","MA1544.1","C_OVOL1",4688,0.13817,1468,0.13303,1458,0.14532,7.08922e-106,"False","UP","OVOL1"
"ZIC1_MA0696.1","ZIC1","MA0696.1","C_ZIC5",45857,0.16234,16616,0.15719,16225,0.14526,9.93485e-151,"False","UP","ZIC1"
"HEY1_MA0823.1","HEY1","MA0823.1","C_MYC",16542,0.17676,6100,0.1702,6000,0.14434,7.41467e-125,"False","UP","HEY1"
"PLAG1_MA0163.1","PLAG1","MA0163.1","C_PLAG1",89998,0.13466,26703,0.12914,25992,0.14423,9.10232e-168,"False","UP","PLAG1"
"CTCF_MA1930.1","CTCF","MA1930.1","C_CTCF",77477,0.16817,32983,0.1635,31989,0.14221,2.79782e-154,"False","UP","CTCF"
"RFX2_MA0600.2","RFX2","MA0600.2","C_RFX3",16237,0.17658,6504,0.16832,6239,0.14218,6.95089e-121,"False","UP","RFX2"
"MYC_MA0147.3","MYC","MA0147.3","C_MYC",23967,0.16882,8601,0.1633,8462,0.14102,3.25334e-131,"False","UP","MYC"
"RELA_MA0107.1","RELA","MA0107.1","C_REL",39139,0.13522,13056,0.12993,12621,0.14091,3.4053e-146,"False","UP","RELA"
"GLIS1_MA0735.1","GLIS1","MA0735.1","C_GLIS1",18280,0.14429,5717,0.13874,5525,0.13994,2.48959e-128,"False","UP","GLIS1"
"E2F1_MA0024.3","E2F1","MA0024.3","C_ZNF417",4721,0.19596,2076,0.18581,2041,0.13989,9.79874e-102,"False","UP","E2F1"
"MLX_MA0663.1","MLX","MA0663.1","C_ARNT2",11512,0.19245,4612,0.18283,4486,0.13988,1.10359e-117,"False","UP","MLX"
"RELB_MA1117.1","RELB","MA1117.1","C_RELB",31285,0.13234,10082,0.12721,9743,0.13942,1.40799e-140,"False","UP","RELB"
"USF2_MA0526.4","USF2","MA0526.4","C_BHLHE41",12363,0.20555,5163,0.19468,5046,0.13909,1.22973e-120,"False","UP","USF2"
"ETV3_MA0763.1","ETV3","MA0763.1","C_ERF",17397,0.24079,8289,0.23048,8141,0.13902,1.85593e-127,"False","UP","ETV3"
"TFAP2A_MA0872.1","TFAP2A","MA0872.1","C_TFAP2C",40151,0.16498,14588,0.15953,14261,0.13878,8.69043e-141,"False","UP","TFAP2A"
"NFE2_MA0841.1","NFE2","MA0841.1","C_FOSL1",76696,0.21025,38619,0.2183,40224,-0.13872,1.27635e-154,"True","DOWN","NFE2"
"TP53_MA0106.3","TP53","MA0106.3","C_TP73",34714,0.18469,15109,0.18084,14540,0.13868,1.0405e-143,"False","UP","TP53"
"TP73_MA0861.1","TP73","MA0861.1","C_TP73",36072,0.18488,15735,0.18029,15163,0.13809,5.71427e-143,"False","UP","TP73"
"RFX5_MA0510.2","RFX5","MA0510.2","C_RFX3",17796,0.17589,7123,0.16816,6826,0.13788,5.68887e-129,"False","UP","RFX5"
"ZNF816_MA1719.1","ZNF816","MA1719.1","C_ZNF816",67178,0.12856,19531,0.12523,19061,0.13783,1.1889e-159,"False","UP","ZNF816"
"RFX1_MA0509.3","RFX1","MA0509.3","C_RFX3",16576,0.17512,6623,0.16777,6394,0.13697,2.05323e-128,"False","UP","RFX1"
"TFE3_MA0831.3","TFE3","MA0831.3","C_BHLHE41",14840,0.1923,5961,0.18315,5819,0.1364,5.06852e-124,"False","UP","TFE3"
"Foxn1_MA1684.1","Foxn1","MA1684.1","C_Foxn1",38688,0.20421,17318,0.19581,17042,0.13639,1.04583e-144,"False","UP","Foxn1"
"NFKB1_MA0105.4","NFKB1","MA0105.4","C_NFKB1",29666,0.1134,7937,0.10883,7674,0.13616,3.41258e-135,"False","UP","NFKB1"
"MYCN_MA0104.4","MYCN","MA0104.4","C_MAX::MYC",16079,0.17557,6021,0.16983,5935,0.1355,8.29566e-125,"False","UP","MYCN"
"INSM1_MA0155.1","INSM1","MA0155.1","C_INSM1",70268,0.1346,20923,0.13052,20417,0.13499,2.14445e-159,"False","UP","INSM1"
"KLF6_MA1517.1","KLF6","MA1517.1","C_KLF2",85486,0.23919,36826,0.22699,36451,0.13451,1.06083e-155,"False","UP","KLF6"
"TFAP2C_MA0815.1","TFAP2C","MA0815.1","C_TFAP2C",39584,0.16376,14275,0.15844,13971,0.13394,5.50979e-146,"False","UP","TFAP2C"
"NFYB_MA0502.2","NFYB","MA0502.2","C_NFYB",38102,0.2191,14597,0.21085,14234,0.13278,8.14518e-138,"False","UP","NFYB"
"MAFGNFE2L1_MA0089.2","MAFG::NFE2L1","MA0089.2","C_MAFG::NFE2L1",90450,0.19612,42171,0.20479,44295,-0.132,1.08899e-159,"True","DOWN","MAFG::NFE2L1"
"TEF_MA0843.1","TEF","MA0843.1","C_NFIL3",16006,0.13223,5698,0.13529,6098,-0.1314,1.14405e-123,"True","DOWN","TEF"
"GLIS3_MA0737.1","GLIS3","MA0737.1","C_GLIS3",25331,0.12181,6929,0.11802,6758,0.13137,4.05883e-128,"False","UP","GLIS3"
"TFAP2B_MA0813.1","TFAP2B","MA0813.1","C_TFAP2C",44396,0.16147,15818,0.15645,15427,0.13014,1.02177e-141,"False","UP","TFAP2B"
"Creb3l2_MA0608.1","Creb3l2","MA0608.1","C_Creb3l2",14484,0.19879,5840,0.19098,5750,0.13001,3.57044e-120,"False","UP","Creb3l2"
"E2F7_MA0758.1","E2F7","MA0758.1","C_E2F7",18858,0.13045,6199,0.12418,6038,0.12997,6.17172e-129,"False","UP","E2F7"
"KLF3_MA1516.1","KLF3","MA1516.1","C_KLF2",71301,0.23163,30881,0.21987,30439,0.12954,2.90185e-157,"False","UP","KLF3"
"TFAP2A_MA0810.1","TFAP2A","MA0810.1","C_TFAP2A",62554,0.16885,23372,0.16428,22843,0.12925,6.83873e-149,"False","UP","TFAP2A"
"ZNF701_MA1987.1","ZNF701","MA1987.1","C_ZNF701",122479,0.14154,39336,0.13722,38389,0.12871,1.23533e-165,"False","UP","ZNF701"
"MAFNFE2_MA0501.1","MAF::NFE2","MA0501.1","C_MAFG::NFE2L1",84762,0.19061,38309,0.19934,40213,-0.12812,3.20946e-159,"True","DOWN","MAF::NFE2"
"ELK1SREBF2_MA1933.1","ELK1::SREBF2","MA1933.1","C_ELK1::SREBF2",17818,0.21845,7780,0.21022,7670,0.12811,5.05516e-125,"False","UP","ELK1::SREBF2"
"KLF17_MA1514.1","KLF17","MA1514.1","C_KLF17",89165,0.14078,26637,0.13724,26477,0.1277,1.51161e-154,"False","UP","KLF17"
"ZNF530_MA1981.1","ZNF530","MA1981.1","C_ZNF530",158910,0.15874,53223,0.15387,52358,0.12688,1.08489e-172,"False","UP","ZNF530"
"Znf423_MA0116.1","Znf423","MA0116.1","C_Znf423",38502,0.12964,11692,0.12711,11474,0.12625,2.83439e-136,"False","UP","Znf423"
"KLF9_MA1107.2","KLF9","MA1107.2","C_KLF9",152893,0.16744,51942,0.16272,51529,0.12603,6.75152e-167,"False","UP","KLF9"
"HES5_MA0821.2","HES5","MA0821.2","C_MYC",10974,0.16373,3891,0.15941,3832,0.12578,1.08147e-110,"False","UP","HES5"
"Ikzf3_MA1992.1","Ikzf3","MA1992.1","C_Erg",112019,0.15247,40918,0.14844,39730,0.12506,1.24012e-170,"False","UP","Ikzf3"
"TFEC_MA0871.2","TFEC","MA0871.2","C_ARNT2",22971,0.17847,8648,0.17096,8521,0.12505,3.79151e-126,"False","UP","TFEC"
"ZNF682_MA1599.1","ZNF682","MA1599.1","C_ZNF682",69105,0.17097,23618,0.16529,23249,0.12479,2.60931e-150,"False","UP","ZNF682"
"SP5_MA1965.1","SP5","MA1965.1","C_SP5",177246,0.1625,61960,0.15787,61008,0.12451,7.35048e-173,"False","UP","SP5"
"ZNF93_MA1721.1","ZNF93","MA1721.1","C_ZNF93",69300,0.20066,32364,0.19306,31929,0.12252,2.10399e-151,"False","UP","ZNF93"
"RREB1_MA0073.1","RREB1","MA0073.1","C_RREB1",120031,0.12803,33805,0.12459,33449,0.12071,1.66908e-159,"False","UP","RREB1"
"ERFFOXI1_MA1935.1","ERF::FOXI1","MA1935.1","C_ERF::FOXI1",56924,0.14901,21253,0.14457,20598,0.12028,5.01076e-147,"False","UP","ERF::FOXI1"
"Erg_MA0474.3","Erg","MA0474.3","C_Erg",100706,0.1531,37429,0.14901,36453,0.12007,2.75703e-162,"False","UP","Erg"
"TFAP2E_MA1569.1","TFAP2E","MA1569.1","C_TFAP2A",43473,0.17048,16413,0.166,16064,0.11987,9.33195e-140,"False","UP","TFAP2E"
"ZNF343_MA1711.1","ZNF343","MA1711.1","C_ZNF343",35972,0.17277,13947,0.16744,13778,0.11921,3.20724e-142,"False","UP","ZNF343"
"ETV2FOXI1_MA1942.1","ETV2::FOXI1","MA1942.1","C_ERF::FOXI1",61836,0.14904,22897,0.14489,22227,0.11799,7.34915e-149,"False","UP","ETV2::FOXI1"
"PRDM9_MA1723.1","PRDM9","MA1723.1","C_PRDM9",208491,0.14079,66622,0.13667,65775,0.11776,9.49494e-178,"True","UP","PRDM9"
"TFAP2B_MA0811.1","TFAP2B","MA0811.1","C_TFAP2A",52416,0.16397,19320,0.16086,18935,0.1169,8.74106e-147,"False","UP","TFAP2B"
"ARNTHIF1A_MA0259.1","ARNT::HIF1A","MA0259.1","C_HIF1A",9443,0.17385,3483,0.1706,3421,0.11688,1.40712e-102,"False","UP","ARNT::HIF1A"
"ETV1_MA0761.2","ETV1","MA0761.2","C_Erg",100242,0.15128,37090,0.14736,36156,0.1167,6.7619e-155,"False","UP","ETV1"
"MZF1_MA0056.2","MZF1","MA0056.2","C_MZF1",40427,0.11795,11569,0.11527,11338,0.11666,2.22133e-136,"False","UP","MZF1"
"Nfe2l2_MA0150.2","Nfe2l2","MA0150.2","C_MAFG::NFE2L1",80030,0.19154,35328,0.20046,37136,-0.11601,9.13061e-145,"True","DOWN","Nfe2l2"
"MEIS1_MA1639.1","MEIS1","MA1639.1","C_MEIS2",38436,0.12368,12818,0.12897,13502,-0.11351,2.50869e-137,"True","DOWN","MEIS1"
"GABPA_MA0062.3","GABPA","MA0062.3","C_Erg",98177,0.15219,36337,0.14841,35427,0.11327,2.55627e-154,"False","UP","GABPA"
"ETV6_MA0645.1","ETV6","MA0645.1","C_Erg",36065,0.21226,15988,0.20528,15822,0.11303,1.89898e-132,"False","UP","ETV6"
"EBF1_MA0154.4","EBF1","MA0154.4","C_EBF1",69224,0.13033,20742,0.12859,20470,0.1125,5.70931e-155,"False","UP","EBF1"
"HIF1A_MA1106.1","HIF1A","MA1106.1","C_HIF1A",11318,0.1772,4202,0.17411,4160,0.11243,1.63796e-107,"False","UP","HIF1A"
"TFAP2C_MA0524.2","TFAP2C","MA0524.2","C_TFAP2A",52842,0.16257,19306,0.15984,18930,0.11229,4.94384e-147,"False","UP","TFAP2C"
"HEY2_MA0649.1","HEY2","MA0649.1","C_MYC",18088,0.17058,6419,0.1656,6324,0.11104,2.44975e-120,"False","UP","HEY2"
"ZNF684_MA1600.1","ZNF684","MA1600.1","C_ZNF684",61454,0.12867,18279,0.12784,17995,0.11052,1.27611e-148,"False","UP","ZNF684"
"FLI1FOXI1_MA1950.1","FLI1::FOXI1","MA1950.1","C_ERF::FOXI1",61902,0.13904,22272,0.13525,21652,0.11049,4.40665e-143,"False","UP","FLI1::FOXI1"
"Wt1_MA1627.1","Wt1","MA1627.1","C_Wt1",135007,0.17181,49201,0.16687,48759,0.10995,4.73477e-164,"False","UP","Wt1"
"Gli2_MA0734.3","Gli2","MA0734.3","C_Gli2",59968,0.1249,16544,0.12354,16557,0.10903,3.26935e-148,"False","UP","Gli2"
"ZNF454_MA1712.1","ZNF454","MA1712.1","C_ZNF454",94511,0.1618,34563,0.15828,34203,0.10858,3.74553e-151,"False","UP","ZNF454"
"EGR1_MA0162.4","EGR1","MA0162.4","C_EGR1",85347,0.21753,37038,0.20934,37063,0.1081,3.30189e-149,"False","UP","EGR1"
"RFX7_MA1554.1","RFX7","MA1554.1","C_RFX7",14730,0.16281,5608,0.158,5474,0.10789,2.74475e-115,"False","UP","RFX7"
"ZNF263_MA0528.2","ZNF263","MA0528.2","C_ZNF263",138343,0.15867,48312,0.15447,47713,0.10777,7.43781e-158,"False","UP","ZNF263"
"CLOCK_MA0819.2","CLOCK","MA0819.2","C_MYC",22527,0.14224,7425,0.1399,7345,0.10714,8.70748e-128,"False","UP","CLOCK"
"EBF3_MA1637.1","EBF3","MA1637.1","C_EBF1",60172,0.13045,18030,0.1286,17775,0.10704,4.68218e-138,"False","UP","EBF3"
"ZNF76_MA1716.1","ZNF76","MA1716.1","C_ZNF76",49280,0.16921,16775,0.16508,16547,0.10702,3.26155e-140,"False","UP","ZNF76"
"TP63_MA0525.2","TP63","MA0525.2","C_TP73",28959,0.17018,12333,0.16655,12001,0.107,4.45511e-127,"False","UP","TP63"
"ZNF692_MA1986.1","ZNF692","MA1986.1","C_ZNF692",60655,0.13888,18369,0.13707,18191,0.10672,1.8793e-139,"False","UP","ZNF692"
"ZNF417_MA1727.1","ZNF417","MA1727.1","C_ZNF417",20593,0.1809,8586,0.17511,8537,0.10574,1.50166e-119,"False","UP","ZNF417"
"TFAP4ETV1_MA1966.1","TFAP4::ETV1","MA1966.1","C_ETV5::FIGLA",53550,0.16014,19313,0.15684,19079,0.10518,4.19184e-135,"False","UP","TFAP4::ETV1"
"MAXMYC_MA0059.1","MAX::MYC","MA0059.1","C_MAX::MYC",22465,0.15067,7720,0.14708,7595,0.10443,2.18997e-119,"False","UP","MAX::MYC"
"Gli1_MA1990.1","Gli1","MA1990.1","C_Gli2",57975,0.12119,15969,0.11997,16013,0.10291,6.45395e-137,"False","UP","Gli1"
"GCM2_MA0767.1","GCM2","MA0767.1","C_GCM2",17309,0.13429,5447,0.1326,5443,0.10213,7.66271e-114,"False","UP","GCM2"
"ZFP14_MA1972.1","ZFP14","MA1972.1","C_ZFP14",112914,0.14214,36843,0.13948,36424,0.10117,5.465e-153,"False","UP","ZFP14"
"Nfatc2_MA0152.2","Nfatc2","MA0152.2","C_Nfatc2",71265,0.10422,20870,0.10095,20218,0.10094,4.22031e-142,"False","UP","Nfatc2"
"ZNF410_MA0752.1","ZNF410","MA0752.1","C_ZNF410",28114,0.11115,8194,0.10886,7917,0.10086,2.54552e-122,"False","UP","ZNF410"
"ZNF574_MA1982.1","ZNF574","MA1982.1","C_ZNF574",49665,0.15521,17377,0.15241,17020,0.10015,3.02702e-134,"False","UP","ZNF574"
"MAFK_MA0496.3","MAFK","MA0496.3","C_MAFK",114752,0.18173,47401,0.19004,49560,-0.09991,5.34266e-159,"True","DOWN","MAFK"
"ZNF669_MA1985.1","ZNF669","MA1985.1","C_ZNF669",19347,0.16934,7229,0.16621,7142,0.09913,7.18319e-112,"False","UP","ZNF669"
"ZNF140_MA1589.1","ZNF140","MA1589.1","C_ZNF140",56343,0.1158,16256,0.11401,15829,0.0988,3.71648e-131,"False","UP","ZNF140"
"Plagl1_MA1615.1","Plagl1","MA1615.1","C_Plagl1",97777,0.13925,30226,0.13742,29959,0.09829,3.6573e-150,"False","UP","Plagl1"
"Ebf2_MA1604.1","Ebf2","MA1604.1","C_EBF1",61127,0.12927,18291,0.1278,18076,0.09795,5.61448e-138,"False","UP","Ebf2"
"Bach1Mafk_MA0591.1","Bach1::Mafk","MA0591.1","C_MAFG::NFE2L1",77177,0.20472,34921,0.21411,36353,-0.09741,5.02288e-142,"False","DOWN","Bach1::Mafk"
"TEAD2_MA1121.1","TEAD2","MA1121.1","C_TEAD4",64517,0.1401,22893,0.13802,22436,0.09695,1.78744e-138,"False","UP","TEAD2"
"TFAP2B_MA0812.1","TFAP2B","MA0812.1","C_TFAP2A",49400,0.17306,18702,0.16967,18513,0.09574,1.96442e-133,"False","UP","TFAP2B"
"MEIS2_MA1640.1","MEIS2","MA1640.1","C_MEIS2",47950,0.11186,14781,0.11581,15454,-0.09552,9.33028e-135,"False","DOWN","MEIS2"
"ELF1_MA0473.3","ELF1","MA0473.3","C_Erg",100099,0.15168,36545,0.14901,35980,0.09494,2.37334e-145,"False","UP","ELF1"
"TFEB_MA0692.1","TFEB","MA0692.1","C_BHLHE41",25334,0.16922,9570,0.16396,9421,0.09458,7.76153e-121,"False","UP","TFEB"
"Smad4_MA1153.1","Smad4","MA1153.1","C_Smad4",30978,0.12602,9404,0.12545,9422,0.09446,2.12764e-120,"False","UP","Smad4"
"HOXB2ELK1_MA1957.1","HOXB2::ELK1","MA1957.1","C_HOXB2::ELK1",18737,0.18284,7665,0.17743,7591,0.09377,9.62463e-114,"False","UP","HOXB2::ELK1"
"ZNF189_MA1725.1","ZNF189","MA1725.1","C_ZNF189",71751,0.12412,21682,0.12305,21464,0.09291,2.41076e-143,"False","UP","ZNF189"
"EWSR1-FLI1_MA0149.1","EWSR1-FLI1","MA0149.1","C_EWSR1-FLI1",138556,0.13349,44393,0.13101,43850,0.09283,1.66807e-155,"False","UP","EWSR1-FLI1"
"TCF12_MA1648.1","TCF12","MA1648.1","C_TCF3",79832,0.14834,26776,0.14672,26589,0.0925,3.04851e-147,"False","UP","TCF12"
"ZKSCAN5_MA1652.1","ZKSCAN5","MA1652.1","C_ZKSCAN5",122837,0.13646,38810,0.13472,38689,0.09225,6.18312e-153,"False","UP","ZKSCAN5"
"ZNF282_MA1154.1","ZNF282","MA1154.1","C_ZNF282",37410,0.13352,12000,0.13047,11786,0.09203,5.84333e-126,"False","UP","ZNF282"
"TCF3_MA0522.3","TCF3","MA0522.3","C_TCF3",69636,0.13461,21807,0.13392,21817,0.09087,4.0686e-134,"False","UP","TCF3"
